Complexity,Loss,Equation
1,1.2913195,"2.3673048"
3,1.0018394,"NIR / 0.169716"
5,0.81211954,"CC(MSR(-0.084727906, Blue), 2.0297287)"
7,0.47120225,"CC(MSR(CC(Blue, -0.13363658), Red), 2.1506205)"
